{"cameraMode":{"drawMode":0,"name":"Shaded","section":"Shading Mode"},"sceneLighting":true,"audioPlay":false,"sceneViewState":{"m_AlwaysRefresh":false,"showFog":true,"showSkybox":true,"showFlares":true,"showImageEffects":true,"showParticleSystems":true,"showVisualEffectGraphs":true,"m_FxEnabled":true},"in2DMode":false,"pivot":{"x":5.393957614898682,"y":-10.037546157836914,"z":50.32059860229492},"rotation":{"x":0.08562536537647248,"y":0.043468497693538669,"z":-0.0037410897202789785,"w":0.9953784346580505},"size":35.79997634887695,"orthographic":false}